mutation,label,avg,V8.TFBytecodeGraphBuilder,V8.TFInlining,V8.TFEarlyTrimming,V8.TFTyper,V8.TFTypedLowering,V8.TFLoopPeeling,V8.TFLoadElimination,V8.TFEscapeAnalysis,V8.TFSimplifiedLowering,V8.TFGenericLowering,V8.TFEarlyOptimization,V8.TFEffectLinearization,V8.TFStoreStoreElimination,V8.TFControlFlowOptimization,V8.TFLateOptimization,V8.TFMemoryOptimization,V8.TFMachineOperatorOptimization,V8.TFDecompressionOptimization,V8.TFLateGraphTrimming
mutation_1,failing,1.000000,1.000000,1.000000,1.000000,1.000000,1.000000,1.000000,1.000000,1.000000,1.000000,1.000000,1.000000,1.000000,1.000000,1.000000,1.000000,1.000000,1.000000,1.000000,1.000000
mutation_2,passing,0.190393,0.364486,0.212963,0.231707,0.207317,0.151899,0.139785,0.172840,0.172840,0.193182,0.198347,0.212389,0.184874,0.171429,0.171429,0.171429,0.165138,0.165138,0.165138,0.165138
mutation_3,failing,1.000000,1.000000,1.000000,1.000000,1.000000,1.000000,1.000000,1.000000,1.000000,1.000000,1.000000,1.000000,1.000000,1.000000,1.000000,1.000000,1.000000,1.000000,1.000000,1.000000
mutation_4,passing,0.191771,0.364486,0.203704,0.231707,0.207317,0.151899,0.150538,0.185185,0.185185,0.193182,0.198347,0.212389,0.184874,0.171429,0.171429,0.171429,0.165138,0.165138,0.165138,0.165138
mutation_5,passing,0.945219,0.869159,0.861111,0.928571,0.892857,0.886076,0.946237,0.950617,0.950617,0.954545,0.966942,0.973451,0.974790,0.971429,0.971429,0.971429,0.972477,0.972477,0.972477,0.972477
mutation_7,passing,0.801455,0.971963,0.972222,0.963415,0.853659,0.835443,0.816327,0.716049,0.716049,0.640449,0.737705,0.798319,0.750000,0.794872,0.794872,0.762295,0.776000,0.776000,0.776000,0.776000
mutation_9,passing,0.706541,0.953271,0.953704,0.939024,0.831325,0.797468,0.793814,0.580247,0.580247,0.556818,0.586777,0.619469,0.647059,0.647619,0.647619,0.647619,0.660550,0.660550,0.660550,0.660550
mutation_11,passing,0.996230,1.000000,0.990741,0.987805,0.987805,0.962025,1.000000,1.000000,1.000000,1.000000,1.000000,1.000000,1.000000,1.000000,1.000000,1.000000,1.000000,1.000000,1.000000,1.000000
mutation_12,passing,0.734495,0.962617,0.962963,0.951220,0.903614,0.898734,0.892473,0.604938,0.604938,0.602273,0.619835,0.646018,0.655462,0.657143,0.657143,0.657143,0.669725,0.669725,0.669725,0.669725
mutation_14,passing,0.972120,0.981481,0.981651,0.975904,0.975904,0.975000,0.978723,0.975610,0.975610,0.912088,0.935484,0.965217,0.966942,0.981132,0.981132,0.981132,0.981818,0.981818,0.981818,0.981818
mutation_16,passing,0.991704,0.981308,0.972222,0.963415,0.963415,0.962025,1.000000,1.000000,1.000000,1.000000,1.000000,1.000000,1.000000,1.000000,1.000000,1.000000,1.000000,1.000000,1.000000,1.000000
mutation_17,passing,0.976101,0.981481,0.972477,0.963855,0.963855,0.936709,0.978723,0.975610,0.975610,0.977528,0.983607,0.982456,0.983333,0.981132,0.981132,0.981132,0.981818,0.981818,0.981818,0.981818
mutation_18,passing,0.254240,0.345794,0.277778,0.353659,0.341463,0.341772,0.290323,0.283951,0.283951,0.284091,0.272727,0.221239,0.210084,0.190476,0.190476,0.190476,0.192661,0.192661,0.183486,0.183486
mutation_21,passing,0.953355,0.887850,0.888889,0.963855,0.927711,0.924051,0.946237,0.950617,0.950617,0.954545,0.966942,0.973451,0.974790,0.971429,0.971429,0.971429,0.972477,0.972477,0.972477,0.972477
mutation_23,failing,1.000000,1.000000,1.000000,1.000000,1.000000,1.000000,1.000000,1.000000,1.000000,1.000000,1.000000,1.000000,1.000000,1.000000,1.000000,1.000000,1.000000,1.000000,1.000000,1.000000
mutation_24,failing,0.979867,0.981481,0.981651,0.975904,0.975904,0.975000,0.978723,0.975610,0.975610,0.977528,0.983607,0.982456,0.983333,0.981132,0.981132,0.981132,0.981818,0.981818,0.981818,0.981818
mutation_26,passing,0.996230,1.000000,0.990741,0.987805,0.987805,0.962025,1.000000,1.000000,1.000000,1.000000,1.000000,1.000000,1.000000,1.000000,1.000000,1.000000,1.000000,1.000000,1.000000,1.000000
mutation_27,passing,0.943543,0.850467,0.851852,0.926829,0.878049,0.898734,0.946237,0.950617,0.950617,0.954545,0.966942,0.973451,0.974790,0.971429,0.971429,0.971429,0.972477,0.972477,0.972477,0.972477
mutation_28,failing,0.979867,0.981481,0.981651,0.975904,0.975904,0.975000,0.978723,0.975610,0.975610,0.977528,0.983607,0.982456,0.983333,0.981132,0.981132,0.981132,0.981818,0.981818,0.981818,0.981818
mutation_29,passing,0.793889,0.971963,0.972222,0.987805,0.855422,0.825000,0.808081,0.716049,0.716049,0.619565,0.720000,0.785124,0.738462,0.781513,0.781513,0.750000,0.763780,0.763780,0.763780,0.763780
mutation_30,passing,0.966934,0.972222,0.972477,0.963855,0.963855,0.962500,0.957447,0.951220,0.951220,0.955056,0.967213,0.973684,0.975000,0.971698,0.971698,0.971698,0.972727,0.972727,0.972727,0.972727
mutation_31,passing,0.996230,1.000000,0.990741,0.987805,0.987805,0.962025,1.000000,1.000000,1.000000,1.000000,1.000000,1.000000,1.000000,1.000000,1.000000,1.000000,1.000000,1.000000,1.000000,1.000000
mutation_33,passing,0.191771,0.364486,0.203704,0.231707,0.207317,0.151899,0.150538,0.185185,0.185185,0.193182,0.198347,0.212389,0.184874,0.171429,0.171429,0.171429,0.165138,0.165138,0.165138,0.165138
mutation_34,failing,1.000000,1.000000,1.000000,1.000000,1.000000,1.000000,1.000000,1.000000,1.000000,1.000000,1.000000,1.000000,1.000000,1.000000,1.000000,1.000000,1.000000,1.000000,1.000000,1.000000
mutation_35,passing,0.870634,0.971963,0.972222,0.987805,0.915663,0.911392,0.894737,0.765432,0.765432,0.704545,0.785124,0.859649,0.848739,0.877358,0.877358,0.877358,0.881818,0.881818,0.881818,0.881818
mutation_36,passing,0.976760,0.981308,0.981481,0.975610,0.975610,0.974684,0.967742,0.962963,0.962963,0.965909,0.975207,0.982301,0.983193,0.980952,0.980952,0.980952,0.981651,0.981651,0.981651,0.981651
mutation_37,failing,1.000000,1.000000,1.000000,1.000000,1.000000,1.000000,1.000000,1.000000,1.000000,1.000000,1.000000,1.000000,1.000000,1.000000,1.000000,1.000000,1.000000,1.000000,1.000000,1.000000
mutation_38,passing,0.440217,0.598131,0.435185,0.487805,0.475610,0.481013,0.387097,0.419753,0.419753,0.420455,0.421488,0.407080,0.436975,0.428571,0.428571,0.428571,0.422018,0.422018,0.422018,0.422018
mutation_39,passing,0.191771,0.364486,0.203704,0.231707,0.207317,0.151899,0.150538,0.185185,0.185185,0.193182,0.198347,0.212389,0.184874,0.171429,0.171429,0.171429,0.165138,0.165138,0.165138,0.165138
mutation_40,passing,0.192905,0.373832,0.203704,0.243902,0.207317,0.151899,0.150538,0.185185,0.185185,0.193182,0.198347,0.212389,0.184874,0.171429,0.171429,0.171429,0.165138,0.165138,0.165138,0.165138
mutation_41,failing,1.000000,1.000000,1.000000,1.000000,1.000000,1.000000,1.000000,1.000000,1.000000,1.000000,1.000000,1.000000,1.000000,1.000000,1.000000,1.000000,1.000000,1.000000,1.000000,1.000000
mutation_42,passing,0.731529,0.953271,0.953704,0.939024,0.878049,0.898734,0.892473,0.604938,0.604938,0.602273,0.619835,0.646018,0.655462,0.657143,0.657143,0.657143,0.669725,0.669725,0.669725,0.669725
mutation_43,passing,0.977006,0.866071,0.875000,0.963855,0.939759,0.950000,0.968421,1.000000,1.000000,1.000000,1.000000,1.000000,1.000000,1.000000,1.000000,1.000000,1.000000,1.000000,1.000000,1.000000
mutation_45,failing,1.000000,1.000000,1.000000,1.000000,1.000000,1.000000,1.000000,1.000000,1.000000,1.000000,1.000000,1.000000,1.000000,1.000000,1.000000,1.000000,1.000000,1.000000,1.000000,1.000000
mutation_46,failing,1.000000,1.000000,1.000000,1.000000,1.000000,1.000000,1.000000,1.000000,1.000000,1.000000,1.000000,1.000000,1.000000,1.000000,1.000000,1.000000,1.000000,1.000000,1.000000,1.000000
mutation_47,passing,0.986059,0.990654,0.981481,0.975610,0.975610,0.949367,0.989247,0.987654,0.987654,0.988636,0.991736,0.991150,0.991597,0.990476,0.990476,0.990476,0.990826,0.990826,0.990826,0.990826
mutation_49,passing,0.189239,0.364486,0.203704,0.231707,0.207317,0.139241,0.139785,0.172840,0.172840,0.193182,0.198347,0.212389,0.184874,0.171429,0.171429,0.171429,0.165138,0.165138,0.165138,0.165138
mutation_50,failing,1.000000,1.000000,1.000000,1.000000,1.000000,1.000000,1.000000,1.000000,1.000000,1.000000,1.000000,1.000000,1.000000,1.000000,1.000000,1.000000,1.000000,1.000000,1.000000,1.000000
mutation_51,passing,0.993500,0.981308,0.981481,0.975610,0.963415,0.974684,1.000000,1.000000,1.000000,1.000000,1.000000,1.000000,1.000000,1.000000,1.000000,1.000000,1.000000,1.000000,1.000000,1.000000
mutation_52,failing,1.000000,1.000000,1.000000,1.000000,1.000000,1.000000,1.000000,1.000000,1.000000,1.000000,1.000000,1.000000,1.000000,1.000000,1.000000,1.000000,1.000000,1.000000,1.000000,1.000000
mutation_53,passing,0.948860,0.869159,0.870370,0.939759,0.903614,0.924051,0.946237,0.950617,0.950617,0.954545,0.966942,0.973451,0.974790,0.971429,0.971429,0.971429,0.972477,0.972477,0.972477,0.972477
mutation_54,passing,0.867601,0.972222,0.972477,0.963855,0.892857,0.900000,0.894737,0.765432,0.765432,0.704545,0.785124,0.859649,0.848739,0.877358,0.877358,0.877358,0.881818,0.881818,0.881818,0.881818
mutation_56,passing,0.996230,1.000000,0.990741,0.987805,0.987805,0.962025,1.000000,1.000000,1.000000,1.000000,1.000000,1.000000,1.000000,1.000000,1.000000,1.000000,1.000000,1.000000,1.000000,1.000000
mutation_57,failing,1.000000,1.000000,1.000000,1.000000,1.000000,1.000000,1.000000,1.000000,1.000000,1.000000,1.000000,1.000000,1.000000,1.000000,1.000000,1.000000,1.000000,1.000000,1.000000,1.000000
mutation_61,passing,0.966934,0.972222,0.972477,0.963855,0.963855,0.962500,0.957447,0.951220,0.951220,0.955056,0.967213,0.973684,0.975000,0.971698,0.971698,0.971698,0.972727,0.972727,0.972727,0.972727
mutation_62,passing,0.996230,1.000000,0.990741,0.987805,0.987805,0.962025,1.000000,1.000000,1.000000,1.000000,1.000000,1.000000,1.000000,1.000000,1.000000,1.000000,1.000000,1.000000,1.000000,1.000000
mutation_63,passing,0.977006,0.866071,0.875000,0.963855,0.939759,0.950000,0.968421,1.000000,1.000000,1.000000,1.000000,1.000000,1.000000,1.000000,1.000000,1.000000,1.000000,1.000000,1.000000,1.000000
mutation_64,failing,1.000000,1.000000,1.000000,1.000000,1.000000,1.000000,1.000000,1.000000,1.000000,1.000000,1.000000,1.000000,1.000000,1.000000,1.000000,1.000000,1.000000,1.000000,1.000000,1.000000
mutation_65,passing,0.996230,1.000000,0.990741,0.987805,0.987805,0.962025,1.000000,1.000000,1.000000,1.000000,1.000000,1.000000,1.000000,1.000000,1.000000,1.000000,1.000000,1.000000,1.000000,1.000000
mutation_66,passing,0.440217,0.598131,0.435185,0.487805,0.475610,0.481013,0.387097,0.419753,0.419753,0.420455,0.421488,0.407080,0.436975,0.428571,0.428571,0.428571,0.422018,0.422018,0.422018,0.422018
mutation_67,passing,0.978580,1.000000,0.962963,0.951220,0.951220,0.949367,0.978495,0.987654,0.987654,0.988636,0.991736,0.991150,0.991597,0.990476,0.990476,0.990476,0.972477,0.972477,0.972477,0.972477
mutation_68,failing,1.000000,1.000000,1.000000,1.000000,1.000000,1.000000,1.000000,1.000000,1.000000,1.000000,1.000000,1.000000,1.000000,1.000000,1.000000,1.000000,1.000000,1.000000,1.000000,1.000000
mutation_69,passing,0.189239,0.364486,0.203704,0.231707,0.207317,0.139241,0.139785,0.172840,0.172840,0.193182,0.198347,0.212389,0.184874,0.171429,0.171429,0.171429,0.165138,0.165138,0.165138,0.165138
mutation_70,passing,0.734495,0.962617,0.962963,0.951220,0.903614,0.898734,0.892473,0.604938,0.604938,0.602273,0.619835,0.646018,0.655462,0.657143,0.657143,0.657143,0.669725,0.669725,0.669725,0.669725
mutation_72,failing,1.000000,1.000000,1.000000,1.000000,1.000000,1.000000,1.000000,1.000000,1.000000,1.000000,1.000000,1.000000,1.000000,1.000000,1.000000,1.000000,1.000000,1.000000,1.000000,1.000000
mutation_73,passing,0.723203,0.953271,0.944444,0.926829,0.891566,0.886076,0.881720,0.592593,0.592593,0.590909,0.611570,0.637168,0.647059,0.647619,0.647619,0.647619,0.660550,0.660550,0.660550,0.660550
mutation_75,passing,0.996230,1.000000,0.990741,0.987805,0.987805,0.962025,1.000000,1.000000,1.000000,1.000000,1.000000,1.000000,1.000000,1.000000,1.000000,1.000000,1.000000,1.000000,1.000000,1.000000
mutation_76,failing,1.000000,1.000000,1.000000,1.000000,1.000000,1.000000,1.000000,1.000000,1.000000,1.000000,1.000000,1.000000,1.000000,1.000000,1.000000,1.000000,1.000000,1.000000,1.000000,1.000000
mutation_78,failing,1.000000,1.000000,1.000000,1.000000,1.000000,1.000000,1.000000,1.000000,1.000000,1.000000,1.000000,1.000000,1.000000,1.000000,1.000000,1.000000,1.000000,1.000000,1.000000,1.000000
mutation_79,failing,1.000000,1.000000,1.000000,1.000000,1.000000,1.000000,1.000000,1.000000,1.000000,1.000000,1.000000,1.000000,1.000000,1.000000,1.000000,1.000000,1.000000,1.000000,1.000000,1.000000
mutation_82,failing,0.649985,0.738318,0.740741,0.743902,0.743902,0.734177,0.726316,0.559140,0.559140,0.558824,0.652174,0.636364,0.611111,0.632000,0.632000,0.632000,0.612403,0.612403,0.612403,0.612403
mutation_83,passing,0.996230,1.000000,0.990741,0.987805,0.987805,0.962025,1.000000,1.000000,1.000000,1.000000,1.000000,1.000000,1.000000,1.000000,1.000000,1.000000,1.000000,1.000000,1.000000,1.000000
mutation_84,passing,0.192905,0.373832,0.203704,0.243902,0.207317,0.151899,0.150538,0.185185,0.185185,0.193182,0.198347,0.212389,0.184874,0.171429,0.171429,0.171429,0.165138,0.165138,0.165138,0.165138
mutation_85,passing,0.995474,0.981308,0.981481,0.975610,0.975610,1.000000,1.000000,1.000000,1.000000,1.000000,1.000000,1.000000,1.000000,1.000000,1.000000,1.000000,1.000000,1.000000,1.000000,1.000000
mutation_86,failing,1.000000,1.000000,1.000000,1.000000,1.000000,1.000000,1.000000,1.000000,1.000000,1.000000,1.000000,1.000000,1.000000,1.000000,1.000000,1.000000,1.000000,1.000000,1.000000,1.000000
mutation_88,passing,0.993500,0.981308,0.981481,0.975610,0.963415,0.974684,1.000000,1.000000,1.000000,1.000000,1.000000,1.000000,1.000000,1.000000,1.000000,1.000000,1.000000,1.000000,1.000000,1.000000
mutation_89,failing,1.000000,1.000000,1.000000,1.000000,1.000000,1.000000,1.000000,1.000000,1.000000,1.000000,1.000000,1.000000,1.000000,1.000000,1.000000,1.000000,1.000000,1.000000,1.000000,1.000000
mutation_90,failing,1.000000,1.000000,1.000000,1.000000,1.000000,1.000000,1.000000,1.000000,1.000000,1.000000,1.000000,1.000000,1.000000,1.000000,1.000000,1.000000,1.000000,1.000000,1.000000,1.000000
mutation_91,failing,1.000000,1.000000,1.000000,1.000000,1.000000,1.000000,1.000000,1.000000,1.000000,1.000000,1.000000,1.000000,1.000000,1.000000,1.000000,1.000000,1.000000,1.000000,1.000000,1.000000
mutation_93,passing,0.861201,0.953704,0.954128,0.963855,0.892857,0.887500,0.875000,0.753086,0.753086,0.693182,0.776860,0.852174,0.840336,0.878505,0.878505,0.878505,0.882883,0.882883,0.882883,0.882883
mutation_95,passing,0.884966,0.944444,0.944954,0.927711,0.891566,0.898734,0.903226,0.902439,0.902439,0.855556,0.894309,0.911504,0.879032,0.848214,0.848214,0.848214,0.853448,0.853448,0.853448,0.853448
mutation_96,passing,0.959308,0.981308,0.972222,0.963415,0.902439,0.886076,0.946237,0.950617,0.950617,0.954545,0.966942,0.973451,0.974790,0.971429,0.971429,0.971429,0.972477,0.972477,0.972477,0.972477
mutation_97,passing,0.459772,0.616822,0.444444,0.500000,0.475610,0.417722,0.387097,0.345679,0.345679,0.386364,0.438017,0.460177,0.487395,0.495238,0.495238,0.495238,0.486239,0.486239,0.486239,0.486239
mutation_98,failing,1.000000,1.000000,1.000000,1.000000,1.000000,1.000000,1.000000,1.000000,1.000000,1.000000,1.000000,1.000000,1.000000,1.000000,1.000000,1.000000,1.000000,1.000000,1.000000,1.000000
mutation_99,passing,0.953355,0.887850,0.888889,0.963855,0.927711,0.924051,0.946237,0.950617,0.950617,0.954545,0.966942,0.973451,0.974790,0.971429,0.971429,0.971429,0.972477,0.972477,0.972477,0.972477
mutation_100,passing,0.953355,0.887850,0.888889,0.963855,0.927711,0.924051,0.946237,0.950617,0.950617,0.954545,0.966942,0.973451,0.974790,0.971429,0.971429,0.971429,0.972477,0.972477,0.972477,0.972477
mutation_102,passing,0.189239,0.364486,0.203704,0.231707,0.207317,0.139241,0.139785,0.172840,0.172840,0.193182,0.198347,0.212389,0.184874,0.171429,0.171429,0.171429,0.165138,0.165138,0.165138,0.165138
mutation_103,passing,0.437510,0.598131,0.435185,0.487805,0.463415,0.468354,0.376344,0.407407,0.407407,0.420455,0.421488,0.415929,0.436975,0.428571,0.428571,0.428571,0.422018,0.422018,0.422018,0.422018
mutation_104,passing,0.791746,0.953271,0.953704,0.939024,0.831325,0.812500,0.797980,0.703704,0.703704,0.644444,0.739837,0.800000,0.751938,0.788136,0.788136,0.756098,0.769841,0.769841,0.769841,0.769841
mutation_105,failing,0.979867,0.981481,0.981651,0.975904,0.975904,0.975000,0.978723,0.975610,0.975610,0.977528,0.983607,0.982456,0.983333,0.981132,0.981132,0.981132,0.981818,0.981818,0.981818,0.981818
mutation_106,passing,0.734495,0.962617,0.962963,0.951220,0.903614,0.898734,0.892473,0.604938,0.604938,0.602273,0.619835,0.646018,0.655462,0.657143,0.657143,0.657143,0.669725,0.669725,0.669725,0.669725
mutation_107,passing,0.996230,1.000000,0.990741,0.987805,0.987805,0.962025,1.000000,1.000000,1.000000,1.000000,1.000000,1.000000,1.000000,1.000000,1.000000,1.000000,1.000000,1.000000,1.000000,1.000000
mutation_108,passing,0.953355,0.887850,0.888889,0.963855,0.927711,0.924051,0.946237,0.950617,0.950617,0.954545,0.966942,0.973451,0.974790,0.971429,0.971429,0.971429,0.972477,0.972477,0.972477,0.972477
mutation_109,passing,0.953355,0.887850,0.888889,0.963855,0.927711,0.924051,0.946237,0.950617,0.950617,0.954545,0.966942,0.973451,0.974790,0.971429,0.971429,0.971429,0.972477,0.972477,0.972477,0.972477
mutation_110,passing,0.943543,0.850467,0.851852,0.926829,0.878049,0.898734,0.946237,0.950617,0.950617,0.954545,0.966942,0.973451,0.974790,0.971429,0.971429,0.971429,0.972477,0.972477,0.972477,0.972477
mutation_111,passing,0.977006,0.866071,0.875000,0.963855,0.939759,0.950000,0.968421,1.000000,1.000000,1.000000,1.000000,1.000000,1.000000,1.000000,1.000000,1.000000,1.000000,1.000000,1.000000,1.000000
mutation_112,failing,1.000000,1.000000,1.000000,1.000000,1.000000,1.000000,1.000000,1.000000,1.000000,1.000000,1.000000,1.000000,1.000000,1.000000,1.000000,1.000000,1.000000,1.000000,1.000000,1.000000
mutation_113,failing,0.998050,1.000000,1.000000,1.000000,0.975610,0.987342,1.000000,1.000000,1.000000,1.000000,1.000000,1.000000,1.000000,1.000000,1.000000,1.000000,1.000000,1.000000,1.000000,1.000000
mutation_114,passing,0.996230,1.000000,0.990741,0.987805,0.987805,0.962025,1.000000,1.000000,1.000000,1.000000,1.000000,1.000000,1.000000,1.000000,1.000000,1.000000,1.000000,1.000000,1.000000,1.000000
mutation_116,passing,0.986059,0.990654,0.981481,0.975610,0.975610,0.949367,0.989247,0.987654,0.987654,0.988636,0.991736,0.991150,0.991597,0.990476,0.990476,0.990476,0.990826,0.990826,0.990826,0.990826
mutation_117,passing,0.191771,0.364486,0.203704,0.231707,0.207317,0.151899,0.150538,0.185185,0.185185,0.193182,0.198347,0.212389,0.184874,0.171429,0.171429,0.171429,0.165138,0.165138,0.165138,0.165138
mutation_118,failing,1.000000,1.000000,1.000000,1.000000,1.000000,1.000000,1.000000,1.000000,1.000000,1.000000,1.000000,1.000000,1.000000,1.000000,1.000000,1.000000,1.000000,1.000000,1.000000,1.000000
mutation_119,passing,0.604518,0.719626,0.731481,0.792683,0.792683,0.797468,0.806452,0.802469,0.802469,0.806818,0.859504,0.858407,0.386555,0.323810,0.323810,0.323810,0.339450,0.339450,0.339450,0.339450
mutation_120,failing,1.000000,1.000000,1.000000,1.000000,1.000000,1.000000,1.000000,1.000000,1.000000,1.000000,1.000000,1.000000,1.000000,1.000000,1.000000,1.000000,1.000000,1.000000,1.000000,1.000000
